OTU,A1,A2,A3,A4,AA1,AA2,AA3,AA4,B1,B2,B3,B4,taxonomy
ASV99,41351,4439,6463,25808,19071,22151,23515,5375,28379,7421,7214,6400,k__norank_Bacteria;p__Bacteroidetes;c__Bacteroidia;o__Chitinophagales;f__Chitinophagaceae;g__Flavihumibacter;s__Flavihumibacter_solisilvae
ASV98,22693,1939,623,13604,11262,292,663,199,264,499,310,129,k__norank_Bacteria;p__Actinobacteria;c__Actinobacteria;o__Propionibacteriales;f__Propionibacteriaceae;g__Propioniciclava;s__metagenome
ASV97,22012,3142,4685,13811,10642,14264,1323,8689,11039,4270,1261,4053,k__norank_Bacteria;p__Acidobacteria;c__Holophagae;o__Holophagales;f__Holophagaceae;g__Geothrix;s__norank_Geothrix
ASV96,8161,2861,2258,2677,12782,8987,2201,7119,3538,1630,2327,826,k__norank_Bacteria;p__Patescibacteria;c__Saccharimonadia;o__Saccharimonadales;f__Saccharimonadaceae;g__norank_Saccharimonadaceae;s__norank_Saccharimonadaceae
ASV95,7923,1021,2056,5331,4513,6692,6744,2382,6347,3172,1636,2046,k__norank_Bacteria;p__Actinobacteria;c__Actinobacteria;o__Propionibacteriales;f__Propionibacteriaceae;g__norank_Propionibacteriaceae;s__norank_Propionibacteriaceae
ASV94,6551,991,3060,2285,5589,17687,4563,2317,26480,2038,2340,4584,k__norank_Bacteria;p__Bacteroidetes;c__Bacteroidia;o__Chitinophagales;f__Chitinophagaceae;g__Niabella;s__norank_Niabella
ASV93,5192,132,88,3629,74,183,79,138,54,176,191,104,k__norank_Bacteria;p__Bacteroidetes;c__Bacteroidia;o__Bacteroidales;f__Prolixibacteraceae;g__WCHB1-32;s__norank_WCHB1-32
ASV92,4071,487,616,2832,1876,1730,1789,364,2377,511,647,518,k__norank_Bacteria;p__Proteobacteria;c__Gammaproteobacteria;o__Betaproteobacteriales;f__Burkholderiaceae;g__Hydrogenophaga;s__norank_Hydrogenophaga
ASV91,3614,389,141,908,4993,1427,2671,608,491,556,974,220,k__norank_Bacteria;p__Actinobacteria;c__Actinobacteria;o__Micrococcales;f__Dermatophilaceae;g__Kineosphaera;s__norank_Kineosphaera
ASV90,3269,4087,3265,1711,22156,9065,11559,2914,2565,4858,5272,3664,k__norank_Bacteria;p__Proteobacteria;c__Gammaproteobacteria;o__Betaproteobacteriales;f__Rhodocyclaceae;g__Thauera;s__norank_Thauera
ASV9,3056,0,0,749,828,389,1947,0,133,0,187,0,k__norank_Bacteria;p__Deinococcus-Thermus;c__Deinococci;o__Deinococcales;f__Deinococcaceae;g__Deinococcus;s__Deinococcus_hopiensis
ASV89,2948,0,0,897,1110,62,401,0,0,0,0,0,k__norank_Bacteria;p__Bacteroidetes;c__Bacteroidia;o__Flavobacteriales;f__Weeksellaceae;g__Chryseobacterium;s__Chryseobacterium_sp._A1-ST2
ASV88,2048,0,0,436,784,227,477,36,0,16,123,0,k__norank_Bacteria;p__Patescibacteria;c__Saccharimonadia;o__Saccharimonadales;f__Saccharimonadaceae;g__norank_Saccharimonadaceae;s__norank_Saccharimonadaceae
ASV87,1957,0,450,1336,4358,2142,9355,2619,11397,5303,2592,9040,k__norank_Bacteria;p__Proteobacteria;c__Gammaproteobacteria;o__Competibacterales;f__Competibacteraceae;g__Candidatus_Competibacter;s__norank_Candidatus_Competibacter
ASV86,1848,190,3185,899,199,12326,1242,867,5789,959,517,555,k__norank_Bacteria;p__Bacteroidetes;c__Bacteroidia;o__Bacteroidales;f__Prolixibacteraceae;g__WCHB1-32;s__norank_WCHB1-32
ASV85,1296,262,172,3109,82,0,0,0,3,11,0,0,k__norank_Bacteria;p__Actinobacteria;c__Actinobacteria;o__Micrococcales;f__Intrasporangiaceae;g__Tetrasphaera;s__norank_Tetrasphaera
ASV84,932,0,0,351,0,0,0,0,0,0,0,0,k__norank_Bacteria;p__Actinobacteria;c__Actinobacteria;o__Micrococcales;f__Dermatophilaceae;g__norank_Dermatophilaceae;s__norank_Dermatophilaceae
ASV83,869,0,0,246,126,222,0,0,0,0,0,0,k__norank_Bacteria;p__Bacteroidetes;c__Bacteroidia;o__Flavobacteriales;f__Weeksellaceae;g__Chryseobacterium;s__Chryseobacterium_sp._A1-ST2
ASV82,753,705,362,136,3840,1212,8473,369,406,1796,2051,150,k__norank_Bacteria;p__Proteobacteria;c__Gammaproteobacteria;o__Betaproteobacteriales;f__Burkholderiaceae;g__Simplicispira;s__Simplicispira_limi
ASV81,576,133,190,122,2197,1789,2099,269,887,223,319,273,k__norank_Bacteria;p__Patescibacteria;c__Saccharimonadia;o__Saccharimonadales;f__norank_Saccharimonadales;g__norank_Saccharimonadales;s__norank_Saccharimonadales
ASV80,520,0,205,107,73,2083,95,224,452,0,0,0,k__norank_Bacteria;p__Proteobacteria;c__Gammaproteobacteria;o__Betaproteobacteriales;f__Burkholderiaceae;g__Ottowia;s__metagenome
ASV8,456,1800,2366,1430,1530,576,434,2113,0,0,1738,0,k__norank_Bacteria;p__Bacteroidetes;c__Bacteroidia;o__Flavobacteriales;f__Flavobacteriaceae;g__Flavobacterium;s__Flavobacterium_sp._KJF15-17
ASV79,419,791,957,2113,340,109,0,13,0,73,33,0,k__norank_Bacteria;p__Firmicutes;c__Bacilli;o__Lactobacillales;f__Streptococcaceae;g__Lactococcus;s__Lactococcus_sp._JXZ-2
ASV78,396,0,0,146,0,0,0,0,0,0,0,0,k__norank_Bacteria;p__Bacteroidetes;c__Bacteroidia;o__Flavobacteriales;f__Flavobacteriaceae;g__norank_Flavobacteriaceae;s__norank_Flavobacteriaceae
ASV77,381,0,0,139,0,144,0,0,0,0,0,0,k__norank_Bacteria;p__Proteobacteria;c__Gammaproteobacteria;o__Betaproteobacteriales;f__Rhodocyclaceae;g__Zoogloea;s__norank_Zoogloea
ASV76,374,346,2408,453,770,8381,1215,478,2834,229,226,560,k__norank_Bacteria;p__Bacteroidetes;c__Bacteroidia;o__Flavobacteriales;f__Weeksellaceae;g__Chryseobacterium;s__Chryseobacterium_sp._A1-ST2
ASV75,326,0,0,167,0,0,0,0,0,0,0,0,k__norank_Bacteria;p__Actinobacteria;c__Actinobacteria;o__Micrococcales;f__Dermatophilaceae;g__Kineosphaera;s__norank_Kineosphaera
ASV74,282,309,228,742,150,93,0,0,0,0,0,0,k__norank_Bacteria;p__Patescibacteria;c__Saccharimonadia;o__Saccharimonadales;f__norank_Saccharimonadales;g__norank_Saccharimonadales;s__norank_Saccharimonadales
ASV73,273,0,0,49,87,177,0,0,0,0,0,0,k__norank_Bacteria;p__Patescibacteria;c__Saccharimonadia;o__Saccharimonadales;f__norank_Saccharimonadales;g__norank_Saccharimonadales;s__norank_Saccharimonadales
ASV72,224,0,0,205,0,0,0,0,0,0,0,0,k__norank_Bacteria;p__Bacteroidetes;c__Bacteroidia;o__Flavobacteriales;f__Flavobacteriaceae;g__Flavobacterium;s__norank_Flavobacterium
ASV71,224,0,0,167,0,140,133,0,164,0,0,0,k__norank_Bacteria;p__Proteobacteria;c__Gammaproteobacteria;o__Betaproteobacteriales;f__Rhodocyclaceae;g__Thauera;s__norank_Thauera
ASV70,211,76,73,255,0,0,0,0,0,0,0,0,k__norank_Bacteria;p__Patescibacteria;c__Saccharimonadia;o__Saccharimonadales;f__wastewater_metagenome;g__wastewater_metagenome;s__wastewater_metagenome
ASV7,209,0,84,0,0,677,176,61,83,0,0,0,k__norank_Bacteria;p__Patescibacteria;c__Saccharimonadia;o__Saccharimonadales;f__norank_Saccharimonadales;g__norank_Saccharimonadales;s__norank_Saccharimonadales
ASV69,207,0,40,289,0,0,0,0,0,0,0,0,k__norank_Bacteria;p__Actinobacteria;c__Actinobacteria;o__Micrococcales;f__Dermatophilaceae;g__norank_Dermatophilaceae;s__norank_Dermatophilaceae
ASV68,207,113,346,119,253,960,7337,130,90,106,1961,120,k__norank_Bacteria;p__Bacteroidetes;c__Bacteroidia;o__Flavobacteriales;f__Flavobacteriaceae;g__Flavobacterium;s__Flavobacterium_sp._KJF15-17
ASV67,205,0,0,77,0,0,0,0,0,0,0,0,k__norank_Bacteria;p__Proteobacteria;c__Gammaproteobacteria;o__Betaproteobacteriales;f__Burkholderiaceae;g__Ottowia;s__norank_Ottowia
ASV66,204,0,0,0,85,198,0,0,0,0,0,0,k__norank_Bacteria;p__Proteobacteria;c__Alphaproteobacteria;o__Rhizobiales;f__Beijerinckiaceae;g__norank_Beijerinckiaceae;s__norank_Beijerinckiaceae
ASV65,197,0,0,0,67,0,0,0,0,0,0,0,k__norank_Bacteria;p__Bacteroidetes;c__Bacteroidia;o__Bacteroidales;f__Prolixibacteraceae;g__WCHB1-32;s__norank_WCHB1-32
ASV64,176,0,0,124,83,116,108,0,140,0,58,0,k__norank_Bacteria;p__Proteobacteria;c__Gammaproteobacteria;o__Aeromonadales;f__Aeromonadaceae;g__Aeromonas;s__Aeromonas_media
ASV63,172,353,651,349,225,238,0,0,0,0,0,0,k__norank_Bacteria;p__Bacteroidetes;c__Bacteroidia;o__Flavobacteriales;f__Weeksellaceae;g__Chryseobacterium;s__norank_Chryseobacterium
ASV62,165,0,0,0,73,0,0,0,0,0,0,0,k__norank_Bacteria;p__Actinobacteria;c__Actinobacteria;o__Kineosporiales;f__Kineosporiaceae;g__Quadrisphaera;s__metagenome
ASV61,159,155,107,220,133,0,0,0,0,0,0,0,k__norank_Bacteria;p__Bacteroidetes;c__Bacteroidia;o__Flavobacteriales;f__Flavobacteriaceae;g__Gelidibacter;s__norank_Gelidibacter
ASV60,150,79,65,288,48,13,0,0,0,0,0,0,k__norank_Bacteria;p__Bacteroidetes;c__Bacteroidia;o__Chitinophagales;f__Chitinophagaceae;g__norank_Chitinophagaceae;s__norank_Chitinophagaceae
ASV6,150,386,117,197,0,94,0,29,0,0,3,0,k__norank_Bacteria;p__Bacteroidetes;c__Bacteroidia;o__Bacteroidales;f__Prolixibacteraceae;g__norank_Prolixibacteraceae;s__norank_Prolixibacteraceae
ASV59,148,0,0,0,0,0,0,0,0,0,0,0,k__norank_Bacteria;p__Actinobacteria;c__Actinobacteria;o__Micrococcales;f__Intrasporangiaceae;g__Tetrasphaera;s__norank_Tetrasphaera
ASV58,146,172,97,2442,60,16,0,0,0,0,10,0,k__norank_Bacteria;p__Firmicutes;c__Clostridia;o__Clostridiales;f__Clostridiales_Family_XII;g__Fusibacter;s__norank_Fusibacter
ASV57,145,351,804,361,106,81,0,3,0,0,7,0,k__norank_Bacteria;p__Patescibacteria;c__Saccharimonadia;o__Saccharimonadales;f__Saccharimonadaceae;g__norank_Saccharimonadaceae;s__norank_Saccharimonadaceae
ASV56,145,0,0,168,0,0,0,0,0,0,0,0,k__norank_Bacteria;p__Patescibacteria;c__Saccharimonadia;o__Saccharimonadales;f__wastewater_metagenome;g__wastewater_metagenome;s__wastewater_metagenome
ASV55,137,0,0,0,202,0,64,0,0,0,0,0,k__norank_Bacteria;p__Bacteroidetes;c__Bacteroidia;o__Sphingobacteriales;f__AKYH767;g__norank_AKYH767;s__norank_AKYH767
ASV54,135,136,129,304,45,0,0,0,0,0,0,0,k__norank_Bacteria;p__Actinobacteria;c__Actinobacteria;o__Pseudonocardiales;f__Pseudonocardiaceae;g__Pseudonocardia;s__norank_Pseudonocardia
ASV53,130,115,528,120,75,2127,51,127,231,70,0,0,k__norank_Bacteria;p__Proteobacteria;c__Gammaproteobacteria;o__Betaproteobacteriales;f__Rhodocyclaceae;g__Thauera;s__norank_Thauera
ASV52,129,176,150,442,95,64,0,0,0,0,0,0,k__norank_Bacteria;p__Bacteroidetes;c__Bacteroidia;o__Sphingobacteriales;f__Lentimicrobiaceae;g__norank_Lentimicrobiaceae;s__norank_Lentimicrobiaceae
ASV51,123,288,127,39,1633,114,7081,1429,2362,607,1786,640,k__norank_Bacteria;p__Bacteroidetes;c__Bacteroidia;o__Chitinophagales;f__Chitinophagaceae;g__Niabella;s__norank_Niabella
ASV50,118,198,347,124,43,56,5,1375,0,84,0,0,k__norank_Bacteria;p__Bacteroidetes;c__Ignavibacteria;o__Ignavibacteriales;f__PHOS-HE36;g__norank_PHOS-HE36;s__norank_PHOS-HE36
ASV5,113,0,0,68,79,60,68,0,79,60,0,0,k__norank_Bacteria;p__Proteobacteria;c__Gammaproteobacteria;o__Betaproteobacteriales;f__Burkholderiaceae;g__Ottowia;s__norank_Ottowia
ASV49,111,140,95,176,70,67,0,0,0,0,0,0,k__norank_Bacteria;p__Proteobacteria;c__Gammaproteobacteria;o__Betaproteobacteriales;f__Burkholderiaceae;g__Ottowia;s__metagenome
ASV48,101,73,109,178,82,0,0,28,0,0,0,0,k__norank_Bacteria;p__Bacteroidetes;c__Bacteroidia;o__Flavobacteriales;f__Flavobacteriaceae;g__Flavobacterium;s__Flavobacterium_sp._YO34
ASV47,96,0,0,51,203,0,0,0,0,0,0,0,k__norank_Bacteria;p__Bacteroidetes;c__Bacteroidia;o__Bacteroidales;f__Prolixibacteraceae;g__norank_Prolixibacteraceae;s__norank_Prolixibacteraceae
ASV46,94,0,0,74,0,0,0,0,45,0,0,0,k__norank_Bacteria;p__Actinobacteria;c__Actinobacteria;o__Propionibacteriales;f__Propionibacteriaceae;g__norank_Propionibacteriaceae;s__norank_Propionibacteriaceae
ASV45,94,0,0,77,0,53,63,0,82,0,0,0,k__norank_Bacteria;p__Patescibacteria;c__Saccharimonadia;o__Saccharimonadales;f__norank_Saccharimonadales;g__norank_Saccharimonadales;s__norank_Saccharimonadales
ASV44,92,0,0,0,0,0,0,0,0,0,0,0,k__norank_Bacteria;p__Deinococcus-Thermus;c__Deinococci;o__Deinococcales;f__Deinococcaceae;g__Deinococcus;s__Deinococcus_hopiensis
ASV43,90,0,0,0,0,0,0,0,0,0,0,0,k__norank_Bacteria;p__Actinobacteria;c__Actinobacteria;o__Micrococcales;f__Dermatophilaceae;g__norank_Dermatophilaceae;s__norank_Dermatophilaceae
ASV42,86,0,0,48,0,0,0,0,0,0,0,0,k__norank_Bacteria;p__Proteobacteria;c__Alphaproteobacteria;o__Sphingomonadales;f__Sphingomonadaceae;g__Sphingopyxis;s__unidentified
ASV41,85,0,0,53,60,61,68,0,107,0,0,0,k__norank_Bacteria;p__Proteobacteria;c__Gammaproteobacteria;o__Betaproteobacteriales;f__Rhodocyclaceae;g__Dechloromonas;s__norank_Dechloromonas
ASV40,85,93,166,237,69,92,0,0,0,0,0,0,k__norank_Bacteria;p__Patescibacteria;c__Saccharimonadia;o__Saccharimonadales;f__wastewater_metagenome;g__wastewater_metagenome;s__wastewater_metagenome
ASV4,84,0,0,0,85,123,0,0,0,0,0,0,k__norank_Bacteria;p__Proteobacteria;c__Alphaproteobacteria;o__Rhizobiales;f__Beijerinckiaceae;g__norank_Beijerinckiaceae;s__norank_Beijerinckiaceae
ASV39,82,107,1425,206,94,111,0,0,0,16,0,0,k__norank_Bacteria;p__Proteobacteria;c__Gammaproteobacteria;o__Betaproteobacteriales;f__Rhodocyclaceae;g__Thauera;s__norank_Thauera
ASV38,78,0,0,57,0,0,0,0,0,0,0,0,k__norank_Bacteria;p__Patescibacteria;c__Saccharimonadia;o__Saccharimonadales;f__norank_Saccharimonadales;g__norank_Saccharimonadales;s__norank_Saccharimonadales
ASV37,76,319,389,394,0,27,0,0,0,0,0,0,k__norank_Bacteria;p__Bacteroidetes;c__Bacteroidia;o__Chitinophagales;f__Chitinophagaceae;g__Niabella;s__norank_Niabella
ASV36,74,0,0,62,0,0,0,0,0,0,0,0,k__norank_Bacteria;p__Bacteroidetes;c__Bacteroidia;o__Flavobacteriales;f__Weeksellaceae;g__Chryseobacterium;s__norank_Chryseobacterium
ASV35,74,0,0,47,58,55,0,0,74,0,0,0,k__norank_Bacteria;p__Bacteroidetes;c__Bacteroidia;o__Flavobacteriales;f__Weeksellaceae;g__Chryseobacterium;s__norank_Chryseobacterium
ASV34,74,0,0,37,0,417,0,0,0,0,0,0,k__norank_Bacteria;p__Patescibacteria;c__Saccharimonadia;o__Saccharimonadales;f__norank_Saccharimonadales;g__norank_Saccharimonadales;s__norank_Saccharimonadales
ASV33,72,0,0,35,0,0,0,0,55,0,0,0,k__norank_Bacteria;p__Actinobacteria;c__Actinobacteria;o__Propionibacteriales;f__Propionibacteriaceae;g__Propioniciclava;s__metagenome
ASV32,69,218,664,112,114,2260,173,166,80,218,0,0,k__norank_Bacteria;p__Proteobacteria;c__Gammaproteobacteria;o__Betaproteobacteriales;f__Burkholderiaceae;g__Ottowia;s__norank_Ottowia
ASV31,68,0,0,42,0,0,0,0,0,0,0,0,k__norank_Bacteria;p__Proteobacteria;c__Gammaproteobacteria;o__Alteromonadales;f__Shewanellaceae;g__Shewanella;s__Shewanella_sp._NF20111223D
ASV307,67,0,0,68,0,0,0,0,118,0,0,31,k__norank_Bacteria;p__Firmicutes;c__Clostridia;o__Clostridiales;f__Clostridiales_Family_XII;g__Fusibacter;s__norank_Fusibacter
ASV306,67,121,45,36,76,49,358,17202,2448,2176,475,1062,k__norank_Bacteria;p__Firmicutes;c__Clostridia;o__Clostridiales;f__Clostridiales_Family_XII;g__Fusibacter;s__norank_Fusibacter
ASV305,66,0,78,0,0,0,0,0,0,0,0,0,k__norank_Bacteria;p__Firmicutes;c__Clostridia;o__Clostridiales;f__Clostridiales_Family_XII;g__Fusibacter;s__norank_Fusibacter
ASV304,65,0,0,33,0,0,0,0,0,0,0,0,k__norank_Bacteria;p__Patescibacteria;c__Saccharimonadia;o__Saccharimonadales;f__Saccharimonadaceae;g__norank_Saccharimonadaceae;s__norank_Saccharimonadaceae
ASV303,65,0,0,18,0,0,0,0,14,0,0,34,k__norank_Bacteria;p__Patescibacteria;c__Saccharimonadia;o__Saccharimonadales;f__Saccharimonadaceae;g__norank_Saccharimonadaceae;s__norank_Saccharimonadaceae
ASV302,63,254,395,371,59,97,20,2335,619,58,0,511,k__norank_Bacteria;p__Bacteroidetes;c__Bacteroidia;o__Flavobacteriales;f__Weeksellaceae;g__Chryseobacterium;s__Chryseobacterium_sp._A1-ST2
ASV301,63,50,161,358,0,0,0,0,0,0,0,0,k__norank_Bacteria;p__Proteobacteria;c__Gammaproteobacteria;o__Betaproteobacteriales;f__Rhodocyclaceae;g__Thauera;s__Thauera_aminoaromatica
ASV300,61,0,0,0,0,173,0,0,0,0,0,0,k__norank_Bacteria;p__Proteobacteria;c__Gammaproteobacteria;o__Betaproteobacteriales;f__Rhodocyclaceae;g__Thauera;s__Thauera_aminoaromatica
ASV30,61,0,0,41,0,0,0,0,157,0,0,0,k__norank_Bacteria;p__Patescibacteria;c__Saccharimonadia;o__Saccharimonadales;f__norank_Saccharimonadales;g__norank_Saccharimonadales;s__norank_Saccharimonadales
ASV3,61,162,0,247,0,0,0,0,0,0,0,0,k__norank_Bacteria;p__Actinobacteria;c__Actinobacteria;o__Pseudonocardiales;f__Pseudonocardiaceae;g__Pseudonocardia;s__norank_Pseudonocardia
ASV299,60,0,0,39,0,40,0,0,0,0,0,0,k__norank_Bacteria;p__Bacteroidetes;c__Bacteroidia;o__Sphingobacteriales;f__env.OPS_17;g__norank_env.OPS_17;s__norank_env.OPS_17
ASV298,58,0,39,90,95,0,136,125,106,0,0,81,k__norank_Bacteria;p__Proteobacteria;c__Gammaproteobacteria;o__Oceanospirillales;f__Halomonadaceae;g__Halomonas;s__norank_Halomonas
ASV297,56,0,0,52,0,0,0,0,0,0,0,0,k__norank_Bacteria;p__Bacteroidetes;c__Bacteroidia;o__Flavobacteriales;f__Flavobacteriaceae;g__norank_Flavobacteriaceae;s__norank_Flavobacteriaceae
ASV296,56,0,18,82,0,0,25,1016,0,0,0,0,k__norank_Bacteria;p__Bacteroidetes;c__Bacteroidia;o__Flavobacteriales;f__Flavobacteriaceae;g__Gelidibacter;s__Gelidibacter_mesophilus_DSM_14095
ASV295,55,0,0,35,0,0,0,0,0,0,0,0,k__norank_Bacteria;p__Bacteroidetes;c__Bacteroidia;o__Flavobacteriales;f__Flavobacteriaceae;g__Gelidibacter;s__Gelidibacter_mesophilus_DSM_14095
ASV294,55,38,33,159,0,0,34,58,0,0,25,0,k__norank_Bacteria;p__Proteobacteria;c__Gammaproteobacteria;o__Betaproteobacteriales;f__Rhodocyclaceae;g__Zoogloea;s__norank_Zoogloea
ASV293,54,200,0,0,0,0,0,0,0,0,0,0,k__norank_Bacteria;p__Bacteroidetes;c__Bacteroidia;o__Chitinophagales;f__Chitinophagaceae;g__norank_Chitinophagaceae;s__norank_Chitinophagaceae
ASV292,54,0,0,0,0,0,0,32,0,0,0,0,k__norank_Bacteria;p__Deinococcus-Thermus;c__Deinococci;o__Deinococcales;f__Deinococcaceae;g__Deinococcus;s__norank_Deinococcus
ASV291,53,0,0,49,0,0,0,0,0,41,0,0,k__norank_Bacteria;p__Proteobacteria;c__Gammaproteobacteria;o__Xanthomonadales;f__Rhodanobacteraceae;g__Dokdonella;s__norank_Dokdonella
ASV290,51,29,38,32,67,41,63,18,0,0,0,0,k__norank_Bacteria;p__Proteobacteria;c__Gammaproteobacteria;o__Diplorickettsiales;f__Diplorickettsiaceae;g__Rickettsiella;s__Proasellus_assaforensis
ASV29,50,0,0,0,0,0,0,0,0,0,0,0,k__norank_Bacteria;p__Proteobacteria;c__Alphaproteobacteria;o__Rhizobiales;f__Beijerinckiaceae;g__norank_Beijerinckiaceae;s__norank_Beijerinckiaceae
ASV289,48,0,0,8,0,0,0,23,20,0,0,48,k__norank_Bacteria;p__Bacteroidetes;c__Bacteroidia;o__Flavobacteriales;f__Flavobacteriaceae;g__Gelidibacter;s__norank_Gelidibacter
ASV288,47,0,0,15,0,0,0,0,19,0,0,12,k__norank_Bacteria;p__Bacteroidetes;c__Bacteroidia;o__Cytophagales;f__Spirosomaceae;g__Runella;s__wastewater_metagenome
ASV287,47,0,0,39,25,0,0,0,0,0,0,0,k__norank_Bacteria;p__Spirochaetes;c__Spirochaetia;o__Spirochaetales;f__Spirochaetaceae;g__norank_Spirochaetaceae;s__norank_Spirochaetaceae
ASV286,45,18,417,102,0,21,242,593,263,791,489,953,k__norank_Bacteria;p__Proteobacteria;c__Gammaproteobacteria;o__Enterobacteriales;f__Enterobacteriaceae;g__Klebsiella;s__Klebsiella_aerogenes
ASV285,45,0,0,0,0,0,0,0,0,0,0,0,k__norank_Bacteria;p__Chloroflexi;c__Anaerolineae;o__Anaerolineales;f__Anaerolineaceae;g__norank_Anaerolineaceae;s__norank_Anaerolineaceae
ASV284,44,348,83,94,10,0,0,74,106,0,51,0,k__norank_Bacteria;p__Acidobacteria;c__Holophagae;o__Holophagales;f__Holophagaceae;g__metagenome;s__metagenome
ASV283,43,0,0,0,60,0,0,0,0,0,0,0,k__norank_Bacteria;p__Patescibacteria;c__Microgenomatia;o__Candidatus_Levybacteria;f__norank_Candidatus_Levybacteria;g__norank_Candidatus_Levybacteria;s__norank_Candidatus_Levybacteria
ASV282,43,0,0,0,0,0,0,0,0,0,0,0,k__norank_Bacteria;p__Actinobacteria;c__Actinobacteria;o__Corynebacteriales;f__Nocardiaceae;g__Rhodococcus;s__actinobacterium_BAL412
ASV281,43,0,0,0,0,0,0,0,0,0,0,0,k__norank_Bacteria;p__Proteobacteria;c__Gammaproteobacteria;o__Betaproteobacteriales;f__Rhodocyclaceae;g__Thauera;s__norank_Thauera
ASV280,43,0,0,40,0,0,0,0,0,0,0,0,k__norank_Bacteria;p__Bacteroidetes;c__Bacteroidia;o__Chitinophagales;f__Chitinophagaceae;g__norank_Chitinophagaceae;s__norank_Chitinophagaceae
ASV28,42,0,0,0,22,0,0,0,0,0,0,0,k__norank_Bacteria;p__Proteobacteria;c__Gammaproteobacteria;o__Betaproteobacteriales;f__Rhodocyclaceae;g__Thauera;s__norank_Thauera
ASV279,41,0,0,0,0,0,0,0,0,0,0,0,k__norank_Bacteria;p__Bacteroidetes;c__Bacteroidia;o__Bacteroidales;f__Paludibacteraceae;g__Paludibacter;s__norank_Paludibacter
ASV278,41,0,0,0,0,0,0,0,0,0,0,0,k__norank_Bacteria;p__Firmicutes;c__Clostridia;o__Clostridiales;f__Ruminococcaceae;g__Ruminiclostridium_1;s__norank_Ruminiclostridium_1
ASV277,40,0,0,60,0,0,0,0,0,0,0,0,k__norank_Bacteria;p__Spirochaetes;c__Spirochaetia;o__Spirochaetales;f__Spirochaetaceae;g__norank_Spirochaetaceae;s__norank_Spirochaetaceae
ASV276,40,0,0,0,0,0,0,0,0,0,0,0,k__norank_Bacteria;p__Bacteroidetes;c__Bacteroidia;o__Flavobacteriales;f__Flavobacteriaceae;g__Flavobacterium;s__norank_Flavobacterium
ASV275,38,0,85,88,104,0,0,0,0,0,0,0,k__norank_Bacteria;p__Epsilonbacteraeota;c__Campylobacteria;o__Campylobacterales;f__Arcobacteraceae;g__Arcobacter;s__metagenome
ASV274,37,0,0,0,47,0,0,41,0,0,0,0,k__norank_Bacteria;p__Proteobacteria;c__Gammaproteobacteria;o__Betaproteobacteriales;f__Rhodocyclaceae;g__Thauera;s__norank_Thauera
ASV273,37,0,0,0,0,0,0,0,0,0,0,0,k__norank_Bacteria;p__Bacteroidetes;c__Ignavibacteria;o__Ignavibacteriales;f__PHOS-HE36;g__norank_PHOS-HE36;s__norank_PHOS-HE36
ASV272,37,0,0,0,0,0,0,0,0,0,0,0,k__norank_Bacteria;p__Proteobacteria;c__Gammaproteobacteria;o__Competibacterales;f__Competibacteraceae;g__Candidatus_Competibacter;s__norank_Candidatus_Competibacter
ASV271,37,61,57,138,0,0,114,0,228,0,435,0,k__norank_Bacteria;p__Proteobacteria;c__Gammaproteobacteria;o__Betaproteobacteriales;f__Nitrosomonadaceae;g__Ellin6067;s__norank_Ellin6067
ASV270,36,26,95,217,0,0,1081,2931,4935,2192,499,5792,k__norank_Bacteria;p__Chloroflexi;c__Chloroflexia;o__Thermomicrobiales;f__JG30-KF-CM45;g__norank_JG30-KF-CM45;s__norank_JG30-KF-CM45
ASV27,35,0,0,37,0,0,0,0,0,0,0,0,k__norank_Bacteria;p__Patescibacteria;c__Saccharimonadia;o__Saccharimonadales;f__norank_Saccharimonadales;g__norank_Saccharimonadales;s__norank_Saccharimonadales
ASV269,34,0,0,0,0,0,0,0,0,0,0,0,k__norank_Bacteria;p__Planctomycetes;c__OM190;o__norank_OM190;f__norank_OM190;g__norank_OM190;s__norank_OM190
ASV268,34,0,0,30,0,0,0,0,0,0,0,0,k__norank_Bacteria;p__Bacteroidetes;c__Bacteroidia;o__Sphingobacteriales;f__Sphingobacteriaceae;g__Pedobacter;s__Pedobacter_sp._N007N
ASV267,33,0,6,161,0,0,0,0,0,0,0,0,k__norank_Bacteria;p__Proteobacteria;c__Alphaproteobacteria;o__Dongiales;f__Dongiaceae;g__Dongia;s__Azospirillum_sp._T2-YC6788
ASV266,33,124,255,0,302,527,0,0,0,0,27,0,k__norank_Bacteria;p__Proteobacteria;c__Gammaproteobacteria;o__Enterobacteriales;f__Enterobacteriaceae;g__Enterobacter;s__Enterobacter_sp._Fm48
ASV265,32,68,55,0,0,0,0,46,0,0,0,0,k__norank_Bacteria;p__Proteobacteria;c__Gammaproteobacteria;o__Betaproteobacteriales;f__Rhodocyclaceae;g__Thauera;s__norank_Thauera
ASV264,32,0,0,0,0,0,0,0,0,0,0,0,k__norank_Bacteria;p__Proteobacteria;c__Gammaproteobacteria;o__Betaproteobacteriales;f__Rhodocyclaceae;g__Thauera;s__norank_Thauera
ASV263,31,0,0,0,0,0,0,0,0,0,0,0,k__norank_Bacteria;p__Proteobacteria;c__Gammaproteobacteria;o__Betaproteobacteriales;f__Rhodocyclaceae;g__Thauera;s__norank_Thauera
ASV262,31,100,31,753,25,0,0,97,0,0,8,0,k__norank_Bacteria;p__Proteobacteria;c__Gammaproteobacteria;o__Betaproteobacteriales;f__Rhodocyclaceae;g__Thauera;s__norank_Thauera
ASV261,30,0,0,0,0,0,0,0,0,0,0,0,k__norank_Bacteria;p__Proteobacteria;c__Gammaproteobacteria;o__Enterobacteriales;f__Enterobacteriaceae;g__Klebsiella;s__Klebsiella_aerogenes
ASV260,30,0,0,0,0,0,0,0,0,0,0,0,k__norank_Bacteria;p__Proteobacteria;c__Gammaproteobacteria;o__Competibacterales;f__Competibacteraceae;g__Candidatus_Competibacter;s__wastewater_metagenome
ASV26,30,1134,66,66,0,0,0,0,0,0,0,0,k__norank_Bacteria;p__Proteobacteria;c__Alphaproteobacteria;o__Rhodobacterales;f__Rhodobacteraceae;g__Albirhodobacter;s__norank_Albirhodobacter
ASV259,29,0,0,0,0,0,0,0,0,0,0,0,k__norank_Bacteria;p__Bacteroidetes;c__Bacteroidia;o__Sphingobacteriales;f__Sphingobacteriaceae;g__Pedobacter;s__norank_Pedobacter
ASV258,28,6,0,0,0,28,0,1620,159,181,230,249,k__norank_Bacteria;p__Proteobacteria;c__Gammaproteobacteria;o__Betaproteobacteriales;f__Rhodocyclaceae;g__Thauera;s__norank_Thauera
ASV257,28,0,0,57,0,0,0,0,0,0,0,78,k__norank_Bacteria;p__Bacteroidetes;c__Bacteroidia;o__Sphingobacteriales;f__AKYH767;g__norank_AKYH767;s__norank_AKYH767
ASV256,28,0,0,0,0,0,0,0,0,0,0,0,k__norank_Bacteria;p__Bacteroidetes;c__Bacteroidia;o__Chitinophagales;f__Chitinophagaceae;g__Flavitalea;s__norank_Flavitalea
ASV255,27,0,0,0,0,0,0,0,0,0,0,0,k__norank_Bacteria;p__Proteobacteria;c__Alphaproteobacteria;o__Acetobacterales;f__Acetobacteraceae;g__Roseomonas;s__Roseomonas_sp._W32
ASV254,27,0,0,0,0,0,0,0,0,0,0,0,k__norank_Bacteria;p__Bacteroidetes;c__Bacteroidia;o__Bacteroidales;f__Prolixibacteraceae;g__WCHB1-32;s__norank_WCHB1-32
ASV253,26,70,76,142,10,0,0,35,45,0,0,0,k__norank_Bacteria;p__Proteobacteria;c__Gammaproteobacteria;o__Betaproteobacteriales;f__Rhodocyclaceae;g__Zoogloea;s__norank_Zoogloea
ASV252,25,0,0,53,0,0,0,0,0,0,0,0,k__norank_Bacteria;p__Patescibacteria;c__Saccharimonadia;o__Saccharimonadales;f__norank_Saccharimonadales;g__norank_Saccharimonadales;s__norank_Saccharimonadales
ASV251,24,145,40,165,0,8,0,0,0,0,0,0,k__norank_Bacteria;p__Proteobacteria;c__Gammaproteobacteria;o__Enterobacteriales;f__Enterobacteriaceae;g__Enterobacter;s__Enterobacter_cloacae
ASV250,22,135,50,308,0,0,0,0,0,0,0,0,k__norank_Bacteria;p__Proteobacteria;c__Alphaproteobacteria;o__Dongiales;f__Dongiaceae;g__Dongia;s__Azospirillum_sp._T2-YC6788
ASV25,21,0,0,2218,0,0,0,0,0,0,3,6,k__norank_Bacteria;p__Bacteroidetes;c__Bacteroidia;o__Sphingobacteriales;f__Lentimicrobiaceae;g__norank_Lentimicrobiaceae;s__norank_Lentimicrobiaceae
ASV249,21,0,0,0,0,0,0,0,0,0,0,0,k__norank_Bacteria;p__Proteobacteria;c__Gammaproteobacteria;o__Betaproteobacteriales;f__Rhodocyclaceae;g__Thauera;s__norank_Thauera
ASV248,21,0,0,3,0,0,0,0,0,0,0,0,k__norank_Bacteria;p__Proteobacteria;c__Alphaproteobacteria;o__Rhodobacterales;f__Rhodobacteraceae;g__Defluviimonas;s__metagenome
ASV247,20,111,0,101,0,0,0,0,0,0,0,0,k__norank_Bacteria;p__Firmicutes;c__Clostridia;o__Clostridiales;f__Christensenellaceae;g__Christensenellaceae_R-7_group;s__norank_Christensenellaceae_R-7_group
ASV246,19,0,0,0,0,0,0,0,0,0,0,0,k__norank_Bacteria;p__Proteobacteria;c__Gammaproteobacteria;o__Enterobacteriales;f__Enterobacteriaceae;g__Klebsiella;s__Klebsiella_oxytoca
ASV245,19,0,0,38,0,2,0,0,0,0,0,0,k__norank_Bacteria;p__Proteobacteria;c__Alphaproteobacteria;o__Dongiales;f__Dongiaceae;g__Dongia;s__Azospirillum_sp._T2-YC6788
ASV244,18,62,83,187,0,0,66,65,112,568,364,0,k__norank_Bacteria;p__Bacteroidetes;c__Bacteroidia;o__Bacteroidales;f__Prolixibacteraceae;g__norank_Prolixibacteraceae;s__norank_Prolixibacteraceae
ASV243,18,125,0,59,0,0,0,0,0,0,0,0,k__norank_Bacteria;p__Bacteroidetes;c__Ignavibacteria;o__Ignavibacteriales;f__Ignavibacteriaceae;g__Ignavibacterium;s__denitrifying_bacterium_enrichment_culture_clone_NOA_0_G5
ASV242,18,0,66,151,0,0,0,0,0,0,0,0,k__norank_Bacteria;p__Proteobacteria;c__Gammaproteobacteria;o__Betaproteobacteriales;f__Burkholderiaceae;g__Limnobacter;s__norank_Limnobacter
ASV241,18,0,0,0,0,0,0,0,0,0,0,0,k__norank_Bacteria;p__Bacteroidetes;c__Bacteroidia;o__Bacteroidales;f__Prolixibacteraceae;g__WCHB1-32;s__norank_WCHB1-32
ASV240,18,227,53,135,0,0,0,0,0,0,0,0,k__norank_Bacteria;p__Actinobacteria;c__Actinobacteria;o__Corynebacteriales;f__Nocardiaceae;g__Rhodococcus;s__actinobacterium_BAL412
ASV24,17,0,0,0,0,0,0,0,0,0,0,0,k__norank_Bacteria;p__Patescibacteria;c__Saccharimonadia;o__Saccharimonadales;f__norank_Saccharimonadales;g__norank_Saccharimonadales;s__norank_Saccharimonadales
ASV239,17,0,0,0,0,0,0,0,0,0,0,0,k__norank_Bacteria;p__Bacteroidetes;c__Bacteroidia;o__Bacteroidales;f__Rikenellaceae;g__norank_Rikenellaceae;s__norank_Rikenellaceae
ASV238,17,2769,605,410,75,20,55,70,60,1373,1571,956,k__norank_Bacteria;p__Proteobacteria;c__Deltaproteobacteria;o__Desulfovibrionales;f__Desulfomicrobiaceae;g__Desulfomicrobium;s__norank_Desulfomicrobium
ASV237,16,0,0,0,0,0,0,0,0,0,0,0,k__norank_Bacteria;p__Proteobacteria;c__Gammaproteobacteria;o__Betaproteobacteriales;f__Rhodocyclaceae;g__Thauera;s__norank_Thauera
ASV236,15,0,0,0,0,0,0,0,0,0,0,0,k__norank_Bacteria;p__Firmicutes;c__Bacilli;o__Lactobacillales;f__Streptococcaceae;g__Lactococcus;s__Lactococcus_sp._JXZ-2
ASV235,14,7,64,105,0,27,0,0,0,0,0,0,k__norank_Bacteria;p__Chloroflexi;c__Anaerolineae;o__SBR1031;f__norank_SBR1031;g__norank_SBR1031;s__norank_SBR1031
ASV234,14,0,0,0,16,9,0,4181,22,155,0,0,k__norank_Bacteria;p__Proteobacteria;c__Gammaproteobacteria;o__Enterobacteriales;f__Enterobacteriaceae;g__Enterobacter;s__Enterobacter_cloacae
ASV233,14,0,0,0,0,0,0,0,0,0,0,0,k__norank_Bacteria;p__Bacteroidetes;c__Bacteroidia;o__Flavobacteriales;f__Crocinitomicaceae;g__Fluviicola;s__norank_Fluviicola
ASV232,12,0,0,0,0,0,0,0,0,0,0,0,k__norank_Bacteria;p__Actinobacteria;c__Actinobacteria;o__Corynebacteriales;f__Nocardiaceae;g__Rhodococcus;s__actinobacterium_BAL412
ASV231,12,0,0,0,0,0,0,0,0,0,0,0,k__norank_Bacteria;p__Proteobacteria;c__Deltaproteobacteria;o__Desulfovibrionales;f__Desulfovibrionaceae;g__Desulfovibrio;s__norank_Desulfovibrio
ASV230,12,0,0,0,0,0,0,0,0,0,0,0,k__norank_Bacteria;p__Bacteroidetes;c__Bacteroidia;o__Bacteroidales;f__Paludibacteraceae;g__norank_Paludibacteraceae;s__norank_Paludibacteraceae
ASV23,12,0,0,0,0,0,0,0,0,0,0,0,k__norank_Bacteria;p__Patescibacteria;c__Saccharimonadia;o__Saccharimonadales;f__norank_Saccharimonadales;g__norank_Saccharimonadales;s__norank_Saccharimonadales
ASV229,12,342,0,19,251,0,0,0,0,0,0,0,k__norank_Bacteria;p__Proteobacteria;c__Gammaproteobacteria;o__Enterobacteriales;f__Enterobacteriaceae;g__Enterobacter;s__Enterobacter_sp._Fm48
ASV228,11,11,0,125,0,0,0,0,0,0,0,0,k__norank_Bacteria;p__Proteobacteria;c__Gammaproteobacteria;o__Thiotrichales;f__Thiotrichaceae;g__Thiothrix;s__norank_Thiothrix
ASV227,11,137,326,467,0,18,0,0,0,145,1464,672,k__norank_Bacteria;p__Bacteroidetes;c__Bacteroidia;o__Flavobacteriales;f__Crocinitomicaceae;g__Fluviicola;s__norank_Fluviicola
ASV226,11,0,0,0,0,0,0,0,0,0,0,0,k__norank_Bacteria;p__Proteobacteria;c__Alphaproteobacteria;o__Sphingomonadales;f__Sphingomonadaceae;g__Sphingopyxis;s__unidentified
ASV225,11,0,0,0,0,0,0,0,0,0,0,0,k__norank_Bacteria;p__Acidobacteria;c__Holophagae;o__Holophagales;f__Holophagaceae;g__norank_Holophagaceae;s__norank_Holophagaceae
ASV224,11,0,84,224,0,0,0,42,87,123,130,166,k__norank_Bacteria;p__Proteobacteria;c__Gammaproteobacteria;o__Xanthomonadales;f__Rhodanobacteraceae;g__Rhodanobacter;s__norank_Rhodanobacter
ASV223,11,805,143,305,15,4,0,0,0,0,0,0,k__norank_Bacteria;p__Acidobacteria;c__Holophagae;o__Holophagales;f__Holophagaceae;g__norank_Holophagaceae;s__norank_Holophagaceae
ASV222,10,124,0,49,0,0,0,0,0,0,1508,0,k__norank_Bacteria;p__Firmicutes;c__Clostridia;o__Clostridiales;f__Clostridiales_Family_XII;g__Fusibacter;s__norank_Fusibacter
ASV221,10,0,0,0,0,11,0,0,22,44,0,34,k__norank_Bacteria;p__Firmicutes;c__Negativicutes;o__Selenomonadales;f__Acidaminococcaceae;g__norank_Acidaminococcaceae;s__norank_Acidaminococcaceae
ASV220,10,0,0,0,0,0,0,0,0,0,0,0,k__norank_Bacteria;p__Actinobacteria;c__Actinobacteria;o__Micrococcales;f__Dermatophilaceae;g__Kineosphaera;s__norank_Kineosphaera
ASV22,9,0,0,176,0,0,0,0,0,0,0,0,k__norank_Bacteria;p__Proteobacteria;c__Gammaproteobacteria;o__Betaproteobacteriales;f__Rhodocyclaceae;g__norank_Rhodocyclaceae;s__norank_Rhodocyclaceae
ASV219,9,127,0,90,13,0,0,0,0,0,0,0,k__norank_Bacteria;p__Bacteroidetes;c__Bacteroidia;o__Bacteroidales;f__Rikenellaceae;g__Blvii28_wastewater-sludge_group;s__norank_Blvii28_wastewater-sludge_group
ASV218,9,0,0,0,0,0,0,0,0,0,0,0,k__norank_Bacteria;p__Proteobacteria;c__Gammaproteobacteria;o__Betaproteobacteriales;f__Rhodocyclaceae;g__Zoogloea;s__Zoogloea_sp._B0.10-45
ASV217,9,98,168,167,0,0,0,0,0,18,0,0,k__norank_Bacteria;p__Proteobacteria;c__Gammaproteobacteria;o__Xanthomonadales;f__Rhodanobacteraceae;g__Rudaea;s__Rudaea_cellulosilytica_DSM_22992
ASV216,8,108,0,70,0,0,0,0,0,0,0,0,k__norank_Bacteria;p__Bacteroidetes;c__Bacteroidia;o__Sphingobacteriales;f__Sphingobacteriaceae;g__Pedobacter;s__norank_Pedobacter
ASV215,8,0,46,253,0,0,0,0,0,0,0,0,k__norank_Bacteria;p__Bacteroidetes;c__Ignavibacteria;o__OPB56;f__norank_OPB56;g__norank_OPB56;s__norank_OPB56
ASV214,8,0,0,78,0,0,0,0,0,0,0,0,k__norank_Bacteria;p__Firmicutes;c__Bacilli;o__Lactobacillales;f__Streptococcaceae;g__Lactococcus;s__Lactococcus_sp._JXZ-2
ASV213,7,0,0,0,0,0,0,0,0,0,0,0,k__norank_Bacteria;p__Proteobacteria;c__Alphaproteobacteria;o__Acetobacterales;f__Acetobacteraceae;g__Roseomonas;s__Roseomonas_sp._W32
ASV212,7,111,198,143,0,0,3,48,0,3721,229,666,k__norank_Bacteria;p__Bacteroidetes;c__Bacteroidia;o__Chitinophagales;f__Chitinophagaceae;g__Flavihumibacter;s__Flavihumibacter_solisilvae
ASV211,7,58,31,154,0,8,0,0,0,19,47,0,k__norank_Bacteria;p__Bacteroidetes;c__Bacteroidia;o__Sphingobacteriales;f__KD1-131;g__norank_KD1-131;s__norank_KD1-131
ASV210,7,64,156,278,0,0,0,0,0,0,0,0,k__norank_Bacteria;p__Bacteroidetes;c__Bacteroidia;o__Flavobacteriales;f__Flavobacteriaceae;g__Flavobacterium;s__Flavobacterium_sp._CSF321-10
ASV21,7,18,6,0,7,0,0,0,0,0,0,0,k__norank_Bacteria;p__Proteobacteria;c__Gammaproteobacteria;o__Betaproteobacteriales;f__Burkholderiaceae;g__Simplicispira;s__Simplicispira_limi
ASV209,6,64,0,32,0,0,0,0,0,0,0,0,k__norank_Bacteria;p__Proteobacteria;c__Deltaproteobacteria;o__Desulfovibrionales;f__Desulfomicrobiaceae;g__Desulfomicrobium;s__norank_Desulfomicrobium
ASV208,6,0,0,0,0,0,0,0,0,0,0,0,k__norank_Bacteria;p__Proteobacteria;c__Gammaproteobacteria;o__Betaproteobacteriales;f__Burkholderiaceae;g__Leptothrix;s__metagenome
ASV207,6,0,0,867,0,6,0,0,0,0,0,0,k__norank_Bacteria;p__Proteobacteria;c__Gammaproteobacteria;o__Betaproteobacteriales;f__Nitrosomonadaceae;g__Nitrosomonas;s__Nitrosomonas_sp._PY1
ASV206,6,0,0,0,0,0,0,954,0,15,0,0,k__norank_Bacteria;p__Proteobacteria;c__Gammaproteobacteria;o__Betaproteobacteriales;f__Burkholderiaceae;g__Ottowia;s__metagenome
ASV205,6,27,36,0,0,0,0,0,0,0,0,0,k__norank_Bacteria;p__Patescibacteria;c__Saccharimonadia;o__Saccharimonadales;f__norank_Saccharimonadales;g__norank_Saccharimonadales;s__norank_Saccharimonadales
ASV204,5,40,33,37,0,0,0,0,0,0,0,0,k__norank_Bacteria;p__Proteobacteria;c__Gammaproteobacteria;o__Betaproteobacteriales;f__Rhodocyclaceae;g__Candidatus_Accumulibacter;s__beta_proteobacterium_pACH94
ASV203,5,57,62,107,0,4,0,0,0,0,0,0,k__norank_Bacteria;p__Patescibacteria;c__Saccharimonadia;o__Saccharimonadales;f__norank_Saccharimonadales;g__norank_Saccharimonadales;s__norank_Saccharimonadales
ASV202,5,0,0,0,0,0,0,0,0,0,0,0,k__norank_Bacteria;p__Bacteroidetes;c__Ignavibacteria;o__Ignavibacteriales;f__Ignavibacteriaceae;g__Ignavibacterium;s__norank_Ignavibacterium
ASV201,5,0,0,0,0,0,0,0,0,0,0,0,k__norank_Bacteria;p__Bacteroidetes;c__Ignavibacteria;o__OPB56;f__Candidatus_Kapabacteria_sp._59-99;g__Candidatus_Kapabacteria_sp._59-99;s__Candidatus_Kapabacteria_sp._59-99
ASV200,5,0,0,41,0,0,0,0,0,0,0,0,k__norank_Bacteria;p__Firmicutes;c__Bacilli;o__Bacillales;f__Bacillales_Family_XII;g__Exiguobacterium;s__Exiguobacterium_sp._DG1
ASV20,5,32,11,9,0,0,0,0,0,0,0,0,k__norank_Bacteria;p__Actinobacteria;c__Actinobacteria;o__Pseudonocardiales;f__Pseudonocardiaceae;g__Pseudonocardia;s__norank_Pseudonocardia
ASV2,5,0,0,48,0,0,0,0,0,32,0,0,k__norank_Bacteria;p__Patescibacteria;c__Saccharimonadia;o__Saccharimonadales;f__norank_Saccharimonadales;g__norank_Saccharimonadales;s__norank_Saccharimonadales
ASV199,4,0,0,88,0,0,0,0,0,0,0,0,k__norank_Bacteria;p__Firmicutes;c__Clostridia;o__Clostridiales;f__Ruminococcaceae;g__Ruminiclostridium_1;s__norank_Ruminiclostridium_1
ASV198,4,0,0,62,0,0,0,0,0,0,0,0,k__norank_Bacteria;p__Proteobacteria;c__Gammaproteobacteria;o__Betaproteobacteriales;f__Burkholderiaceae;g__Leptothrix;s__metagenome
ASV197,3,0,0,0,0,0,0,0,0,0,0,0,k__norank_Bacteria;p__Chloroflexi;c__Anaerolineae;o__RBG-13-54-9;f__norank_RBG-13-54-9;g__norank_RBG-13-54-9;s__norank_RBG-13-54-9
ASV196,3,0,0,0,0,0,0,0,0,0,0,0,k__norank_Bacteria;p__Proteobacteria;c__Alphaproteobacteria;o__Acetobacterales;f__Acetobacteraceae;g__Roseomonas;s__unidentified
ASV195,3,0,0,0,0,0,0,0,0,0,0,0,k__norank_Bacteria;p__Gemmatimonadetes;c__Gemmatimonadetes;o__Gemmatimonadales;f__Gemmatimonadaceae;g__Gemmatimonas;s__norank_Gemmatimonas
ASV194,3,0,0,0,0,0,0,0,0,0,0,0,k__norank_Bacteria;p__Bacteroidetes;c__Bacteroidia;o__Sphingobacteriales;f__AKYH767;g__norank_AKYH767;s__norank_AKYH767
ASV193,3,0,0,0,0,0,0,0,0,0,0,0,k__norank_Bacteria;p__Proteobacteria;c__Alphaproteobacteria;o__Rhizobiales;f__Beijerinckiaceae;g__Bosea;s__norank_Bosea
ASV192,3,0,0,296,0,0,0,0,0,0,0,0,k__norank_Bacteria;p__Bacteroidetes;c__Bacteroidia;o__Bacteroidales;f__Paludibacteraceae;g__Paludibacter;s__norank_Paludibacter
ASV191,3,23,0,0,0,0,0,0,0,0,0,0,k__norank_Bacteria;p__Deinococcus-Thermus;c__Deinococci;o__Deinococcales;f__Deinococcaceae;g__Deinococcus;s__norank_Deinococcus
ASV190,3,0,0,34,0,0,0,0,0,0,0,0,k__norank_Bacteria;p__Bacteroidetes;c__Bacteroidia;o__Bacteroidales;f__Prolixibacteraceae;g__norank_Prolixibacteraceae;s__norank_Prolixibacteraceae
ASV19,3,0,52,0,0,0,0,0,0,0,0,0,k__norank_Bacteria;p__Patescibacteria;c__Saccharimonadia;o__Saccharimonadales;f__norank_Saccharimonadales;g__norank_Saccharimonadales;s__norank_Saccharimonadales
ASV189,2,6,0,0,0,0,8,71,77,0,3017,12,k__norank_Bacteria;p__Proteobacteria;c__Gammaproteobacteria;o__Betaproteobacteriales;f__Rhodocyclaceae;g__Zoogloea;s__norank_Zoogloea
ASV188,2,0,0,0,0,0,0,0,0,0,0,0,k__norank_Bacteria;p__Proteobacteria;c__Gammaproteobacteria;o__Betaproteobacteriales;f__Rhodocyclaceae;g__Zoogloea;s__norank_Zoogloea
ASV187,2,0,0,0,0,0,0,0,0,0,0,0,k__norank_Bacteria;p__Acidobacteria;c__Holophagae;o__Holophagales;f__Holophagaceae;g__norank_Holophagaceae;s__norank_Holophagaceae
ASV186,2,0,0,0,0,0,0,0,0,0,0,0,k__norank_Bacteria;p__Bacteroidetes;c__Bacteroidia;o__Bacteroidales;f__Prolixibacteraceae;g__WCHB1-32;s__norank_WCHB1-32
ASV185,2,0,0,0,0,0,0,0,0,0,0,0,k__norank_Bacteria;p__Acidobacteria;c__Blastocatellia;o__Blastocatellales;f__Blastocatellaceae;g__OLB17;s__norank_OLB17
ASV184,2,14,0,35,0,0,0,0,0,0,0,0,k__norank_Bacteria;p__Bacteroidetes;c__Bacteroidia;o__Chitinophagales;f__Chitinophagaceae;g__Niabella;s__norank_Niabella
ASV183,0,65,25,0,0,0,0,0,0,0,0,0,k__norank_Bacteria;p__Proteobacteria;c__Alphaproteobacteria;o__Rhodospirillales;f__norank_Rhodospirillales;g__norank_Rhodospirillales;s__norank_Rhodospirillales
ASV182,0,90,0,0,0,0,0,0,0,0,0,0,k__norank_Bacteria;p__Bacteroidetes;c__Bacteroidia;o__Flavobacteriales;f__NS9_marine_group;g__metagenome;s__metagenome
ASV181,0,0,0,0,0,0,0,0,0,0,91,0,k__norank_Bacteria;p__Bacteroidetes;c__Bacteroidia;o__Sphingobacteriales;f__Sphingobacteriaceae;g__Pedobacter;s__Pedobacter_sp._N007N
ASV180,0,0,0,0,0,0,0,0,0,0,84,7,k__norank_Bacteria;p__Firmicutes;c__Clostridia;o__Clostridiales;f__Christensenellaceae;g__Christensenellaceae_R-7_group;s__norank_Christensenellaceae_R-7_group
ASV18,0,0,0,0,0,0,0,0,0,0,48,43,k__norank_Bacteria;p__Proteobacteria;c__Gammaproteobacteria;o__Betaproteobacteriales;f__Burkholderiaceae;g__Ottowia;s__norank_Ottowia
ASV179,0,0,0,0,0,0,0,0,91,0,0,0,k__norank_Bacteria;p__Bacteroidetes;c__Bacteroidia;o__Sphingobacteriales;f__Sphingobacteriaceae;g__Pedobacter;s__norank_Pedobacter
ASV178,0,0,0,0,0,0,0,91,0,0,0,0,k__norank_Bacteria;p__Acidobacteria;c__Acidobacteriia;o__Solibacterales;f__Solibacteraceae;g__Bryobacter;s__norank_Bryobacter
ASV177,0,0,0,0,0,0,0,91,0,0,0,0,k__norank_Bacteria;p__Proteobacteria;c__Alphaproteobacteria;o__Rhizobiales;f__Beijerinckiaceae;g__Bosea;s__Bosea_sp._A17
ASV176,0,0,0,0,0,0,0,1197,0,90,0,34,k__norank_Bacteria;p__Nitrospirae;c__Nitrospira;o__Nitrospirales;f__Nitrospiraceae;g__Nitrospira;s__wastewater_metagenome
ASV175,0,0,0,0,0,0,0,91,0,0,0,0,k__norank_Bacteria;p__Chloroflexi;c__Anaerolineae;o__Caldilineales;f__Caldilineaceae;g__norank_Caldilineaceae;s__norank_Caldilineaceae
ASV174,0,0,31,0,0,60,0,0,0,0,0,0,k__norank_Bacteria;p__Proteobacteria;c__Gammaproteobacteria;o__Betaproteobacteriales;f__Burkholderiaceae;g__Ottowia;s__metagenome
ASV173,0,0,91,0,0,0,0,0,0,0,0,0,k__norank_Bacteria;p__Proteobacteria;c__Gammaproteobacteria;o__Betaproteobacteriales;f__Rhodocyclaceae;g__Thauera;s__norank_Thauera
ASV172,0,0,0,0,0,0,0,0,0,0,92,0,k__norank_Bacteria;p__Deinococcus-Thermus;c__Deinococci;o__Deinococcales;f__Deinococcaceae;g__Deinococcus;s__norank_Deinococcus
ASV171,0,0,0,0,0,92,0,0,0,0,0,0,k__norank_Bacteria;p__Nitrospirae;c__Nitrospira;o__Nitrospirales;f__Nitrospiraceae;g__Nitrospira;s__wastewater_metagenome
ASV170,0,92,0,0,0,0,0,0,0,0,0,0,k__norank_Bacteria;p__Deinococcus-Thermus;c__Deinococci;o__Deinococcales;f__Deinococcaceae;g__Deinococcus;s__norank_Deinococcus
ASV17,0,0,0,0,0,0,0,0,0,93,0,0,k__norank_Bacteria;p__Bacteroidetes;c__Bacteroidia;o__Flavobacteriales;f__Flavobacteriaceae;g__Flavobacterium;s__norank_Flavobacterium
ASV169,0,0,0,0,0,0,0,0,0,93,0,0,k__norank_Bacteria;p__Proteobacteria;c__Gammaproteobacteria;o__Xanthomonadales;f__Rhodanobacteraceae;g__Dokdonella;s__metagenome
ASV168,0,70,99,172,0,0,13,0,0,510,195,294,k__norank_Bacteria;p__Bacteroidetes;c__Bacteroidia;o__Flavobacteriales;f__NS9_marine_group;g__metagenome;s__metagenome
ASV167,0,0,0,0,0,0,0,0,0,79,9,5,k__norank_Bacteria;p__Patescibacteria;c__Parcubacteria;o__norank_Parcubacteria;f__norank_Parcubacteria;g__norank_Parcubacteria;s__norank_Parcubacteria
ASV166,0,0,50,43,0,0,0,0,0,0,0,0,k__norank_Bacteria;p__Proteobacteria;c__Gammaproteobacteria;o__Xanthomonadales;f__Rhodanobacteraceae;g__Dokdonella;s__metagenome
ASV165,0,93,0,0,0,0,0,0,0,0,0,0,k__norank_Bacteria;p__Acidobacteria;c__Holophagae;o__Holophagales;f__Holophagaceae;g__Geothrix;s__norank_Geothrix
ASV164,0,59,16,0,18,0,0,0,0,0,0,0,k__norank_Bacteria;p__Bacteroidetes;c__Bacteroidia;o__Flavobacteriales;f__Flavobacteriaceae;g__Flavobacterium;s__norank_Flavobacterium
ASV163,0,78,15,0,0,0,0,0,0,0,0,0,k__norank_Bacteria;p__Proteobacteria;c__Alphaproteobacteria;o__Rhizobiales;f__Beijerinckiaceae;g__Bosea;s__norank_Bosea
ASV162,0,0,0,0,0,0,0,0,0,0,94,0,k__norank_Bacteria;p__Chloroflexi;c__Anaerolineae;o__RBG-13-54-9;f__norank_RBG-13-54-9;g__norank_RBG-13-54-9;s__norank_RBG-13-54-9
ASV161,0,0,0,0,0,0,0,0,0,0,0,94,k__norank_Bacteria;p__Bacteroidetes;c__Bacteroidia;o__Sphingobacteriales;f__Lentimicrobiaceae;g__norank_Lentimicrobiaceae;s__norank_Lentimicrobiaceae
ASV160,0,0,0,0,0,0,0,94,0,0,0,0,k__norank_Bacteria;p__Proteobacteria;c__Alphaproteobacteria;o__Rhizobiales;f__Rhizobiaceae;g__Shinella;s__Shinella_kummerowiae
ASV16,0,0,0,0,0,0,0,94,0,0,0,0,k__norank_Bacteria;p__Proteobacteria;c__Gammaproteobacteria;o__Betaproteobacteriales;f__Rhodocyclaceae;g__Dechloromonas;s__norank_Dechloromonas
ASV159,0,0,0,0,0,0,0,0,0,886,367,121,k__norank_Bacteria;p__Bacteroidetes;c__Ignavibacteria;o__OPB56;f__norank_OPB56;g__norank_OPB56;s__norank_OPB56
ASV158,0,0,0,0,0,0,55,0,17,0,0,22,k__norank_Bacteria;p__Proteobacteria;c__Gammaproteobacteria;o__Xanthomonadales;f__Xanthomonadaceae;g__Pseudoxanthomonas;s__norank_Pseudoxanthomonas
ASV157,0,0,70,0,24,0,0,0,0,0,0,0,k__norank_Bacteria;p__Proteobacteria;c__Gammaproteobacteria;o__Betaproteobacteriales;f__Nitrosomonadaceae;g__Nitrosomonas;s__Nitrosomonas_sp._PY1
ASV156,0,94,0,0,0,0,0,0,0,0,0,0,k__norank_Bacteria;p__Patescibacteria;c__Saccharimonadia;o__Saccharimonadales;f__norank_Saccharimonadales;g__norank_Saccharimonadales;s__norank_Saccharimonadales
ASV155,0,94,0,0,0,0,0,0,0,0,0,0,k__norank_Bacteria;p__Bacteroidetes;c__Bacteroidia;o__Bacteroidales;f__Prolixibacteraceae;g__WCHB1-32;s__norank_WCHB1-32
ASV154,0,0,0,0,0,0,0,0,0,0,0,95,k__norank_Bacteria;p__Bacteroidetes;c__Bacteroidia;o__Flavobacteriales;f__Weeksellaceae;g__Chryseobacterium;s__Chryseobacterium_sp._A1-ST2
ASV153,0,18,75,2,0,0,0,0,0,0,0,0,k__norank_Bacteria;p__Proteobacteria;c__Gammaproteobacteria;o__Enterobacteriales;f__Enterobacteriaceae;g__Lelliottia;s__Enterobacter_sp._VTs-33
ASV152,0,95,0,0,0,0,0,0,0,0,0,0,k__norank_Bacteria;p__Bacteroidetes;c__Bacteroidia;o__Sphingobacteriales;f__Sphingobacteriaceae;g__Pedobacter;s__Pedobacter_sp._N007N
ASV151,0,38,34,23,0,0,0,0,0,0,0,0,k__norank_Bacteria;p__Bacteroidetes;c__Ignavibacteria;o__Ignavibacteriales;f__PHOS-HE36;g__norank_PHOS-HE36;s__norank_PHOS-HE36
ASV150,0,72,23,0,0,0,0,0,0,0,0,0,k__norank_Bacteria;p__Bacteroidetes;c__Bacteroidia;o__Flavobacteriales;f__Flavobacteriaceae;g__Flavobacterium;s__norank_Flavobacterium
ASV15,0,46,49,0,0,0,0,0,0,0,0,0,k__norank_Bacteria;p__Bacteroidetes;c__Bacteroidia;o__Flavobacteriales;f__Flavobacteriaceae;g__norank_Flavobacteriaceae;s__norank_Flavobacteriaceae
ASV149,0,0,0,0,392,0,432,280,202,0,102,0,k__norank_Bacteria;p__Chloroflexi;c__Anaerolineae;o__SBR1031;f__wastewater_metagenome;g__wastewater_metagenome;s__wastewater_metagenome
ASV148,0,95,0,0,0,0,0,0,0,0,0,0,k__norank_Bacteria;p__Patescibacteria;c__Saccharimonadia;o__Saccharimonadales;f__Saccharimonadaceae;g__norank_Saccharimonadaceae;s__norank_Saccharimonadaceae
ASV147,0,0,0,0,0,0,0,0,0,37,59,0,k__norank_Bacteria;p__Bacteroidetes;c__Ignavibacteria;o__Ignavibacteriales;f__PHOS-HE36;g__norank_PHOS-HE36;s__norank_PHOS-HE36
ASV146,0,0,0,0,0,0,0,0,0,96,0,0,k__norank_Bacteria;p__Proteobacteria;c__Alphaproteobacteria;o__Rhodospirillales;f__norank_Rhodospirillales;g__norank_Rhodospirillales;s__norank_Rhodospirillales
ASV145,0,0,0,0,0,55,41,0,0,0,0,0,k__norank_Bacteria;p__Proteobacteria;c__Gammaproteobacteria;o__Betaproteobacteriales;f__Burkholderiaceae;g__Hydrogenophaga;s__Hydrogenophaga_sp._7B-224
ASV144,0,0,96,0,0,0,0,0,0,0,0,0,k__norank_Bacteria;p__Proteobacteria;c__Gammaproteobacteria;o__Betaproteobacteriales;f__Rhodocyclaceae;g__Zoogloea;s__norank_Zoogloea
ASV143,0,0,76,20,0,0,0,0,0,0,0,0,k__norank_Bacteria;p__Proteobacteria;c__Gammaproteobacteria;o__Betaproteobacteriales;f__Burkholderiaceae;g__Simplicispira;s__Simplicispira_limi
ASV142,0,52,44,0,0,0,0,0,0,0,0,0,k__norank_Bacteria;p__Proteobacteria;c__Gammaproteobacteria;o__Enterobacteriales;f__Enterobacteriaceae;g__Enterobacter;s__Enterobacter_sp._Fm48
ASV141,0,96,0,0,0,0,0,0,0,0,0,0,k__norank_Bacteria;p__Proteobacteria;c__Alphaproteobacteria;o__Rhodobacterales;f__Rhodobacteraceae;g__Rhodobacter;s__Rhodobacter_sp._XJ-1
ASV140,0,0,0,0,0,0,0,0,0,97,0,0,k__norank_Bacteria;p__Proteobacteria;c__Alphaproteobacteria;o__Rhizobiales;f__Rhizobiaceae;g__Shinella;s__Shinella_kummerowiae
ASV14,0,0,0,0,0,0,0,97,0,0,0,0,k__norank_Bacteria;p__Proteobacteria;c__Alphaproteobacteria;o__Rhodobacterales;f__Rhodobacteraceae;g__Pseudorhodobacter;s__Pseudorhodobacter_sp._HWR-46
ASV139,0,0,0,0,0,0,0,97,0,0,0,0,k__norank_Bacteria;p__Bacteroidetes;c__Bacteroidia;o__Flavobacteriales;f__Flavobacteriaceae;g__Cellulophaga;s__norank_Cellulophaga
ASV138,0,0,0,0,0,0,0,97,0,0,0,0,k__norank_Bacteria;p__Actinobacteria;c__Actinobacteria;o__Propionibacteriales;f__Propionibacteriaceae;g__norank_Propionibacteriaceae;s__norank_Propionibacteriaceae
ASV137,0,0,0,97,0,0,0,0,0,0,0,0,k__norank_Bacteria;p__Bacteroidetes;c__Bacteroidia;o__Flavobacteriales;f__Weeksellaceae;g__Chryseobacterium;s__Chryseobacterium_yonginense
ASV136,0,0,97,0,0,0,0,0,0,0,0,0,k__norank_Bacteria;p__Actinobacteria;c__Actinobacteria;o__Propionibacteriales;f__Propionibacteriaceae;g__Propioniciclava;s__metagenome
ASV135,0,28,69,0,0,0,0,0,0,0,0,0,k__norank_Bacteria;p__Bacteroidetes;c__Bacteroidia;o__Flavobacteriales;f__Flavobacteriaceae;g__Mariniflexile;s__Mariniflexile_sp._KMM_6695
ASV134,0,97,0,0,0,0,0,0,0,0,0,0,k__norank_Bacteria;p__Proteobacteria;c__Gammaproteobacteria;o__Betaproteobacteriales;f__Rhodocyclaceae;g__Zoogloea;s__norank_Zoogloea
ASV133,0,0,0,0,36,62,0,0,0,0,0,0,k__norank_Bacteria;p__Proteobacteria;c__Alphaproteobacteria;o__Rhodobacterales;f__Rhodobacteraceae;g__Rhodobacter;s__Rhodobacter_sp._XJ-1
ASV132,0,0,0,0,0,0,0,6,0,15,0,77,k__norank_Bacteria;p__Actinobacteria;c__Actinobacteria;o__Micrococcales;f__Intrasporangiaceae;g__Tetrasphaera;s__norank_Tetrasphaera
ASV131,0,0,0,0,0,0,98,0,0,0,0,0,k__norank_Bacteria;p__Bacteroidetes;c__Bacteroidia;o__Chitinophagales;f__Chitinophagaceae;g__norank_Chitinophagaceae;s__norank_Chitinophagaceae
ASV130,0,0,0,98,0,0,0,0,0,0,0,0,k__norank_Bacteria;p__Bacteroidetes;c__Bacteroidia;o__Flavobacteriales;f__Weeksellaceae;g__Chryseobacterium;s__Chryseobacterium_sp._A1-ST2
ASV13,0,0,0,0,0,0,0,0,15,0,0,1453,k__norank_Bacteria;p__Proteobacteria;c__Gammaproteobacteria;o__Betaproteobacteriales;f__Burkholderiaceae;g__Simplicispira;s__Simplicispira_limi
ASV129,0,0,16,0,0,0,0,0,0,0,82,0,k__norank_Bacteria;p__Proteobacteria;c__Alphaproteobacteria;o__Rhodospirillales;f__norank_Rhodospirillales;g__norank_Rhodospirillales;s__norank_Rhodospirillales
ASV128,0,20,42,36,0,0,0,0,0,0,0,0,k__norank_Bacteria;p__Actinobacteria;c__Actinobacteria;o__Kineosporiales;f__Kineosporiaceae;g__Quadrisphaera;s__metagenome
ASV127,0,69,21,8,0,0,0,0,0,0,0,0,k__norank_Bacteria;p__Actinobacteria;c__Actinobacteria;o__Micrococcales;f__Dermatophilaceae;g__Kineosphaera;s__norank_Kineosphaera
ASV126,0,98,0,0,0,0,0,0,0,0,0,0,k__norank_Bacteria;p__Proteobacteria;c__Gammaproteobacteria;o__Xanthomonadales;f__Rhodanobacteraceae;g__Rudaea;s__Rudaea_cellulosilytica_DSM_22992
ASV125,0,0,0,0,0,0,0,0,0,0,99,0,k__norank_Bacteria;p__Proteobacteria;c__Gammaproteobacteria;o__Competibacterales;f__Competibacteraceae;g__Candidatus_Competibacter;s__norank_Candidatus_Competibacter
ASV124,0,0,0,0,0,0,0,0,0,99,0,0,k__norank_Bacteria;p__Proteobacteria;c__Gammaproteobacteria;o__Betaproteobacteriales;f__Nitrosomonadaceae;g__Nitrosomonas;s__Nitrosomonas_sp._PY1
ASV123,0,0,0,0,0,0,0,0,0,85,14,0,k__norank_Bacteria;p__Spirochaetes;c__Spirochaetia;o__Spirochaetales;f__Spirochaetaceae;g__norank_Spirochaetaceae;s__norank_Spirochaetaceae
ASV122,0,0,0,0,0,0,0,0,0,0,0,99,k__norank_Bacteria;p__Firmicutes;c__Clostridia;o__Clostridiales;f__Christensenellaceae;g__Christensenellaceae_R-7_group;s__norank_Christensenellaceae_R-7_group
ASV121,0,0,0,0,0,0,0,99,0,0,0,0,k__norank_Bacteria;p__Nitrospirae;c__Nitrospira;o__Nitrospirales;f__Nitrospiraceae;g__Nitrospira;s__wastewater_metagenome
ASV120,0,0,0,0,0,0,0,583,806,53,0,31,k__norank_Bacteria;p__Bacteroidetes;c__Bacteroidia;o__Flavobacteriales;f__NS9_marine_group;g__metagenome;s__metagenome
ASV12,0,0,0,0,0,0,20,0,0,72,7,0,k__norank_Bacteria;p__Bacteroidetes;c__Bacteroidia;o__Flavobacteriales;f__Weeksellaceae;g__Chryseobacterium;s__Chryseobacterium_yonginense
ASV119,0,0,99,0,0,0,0,0,0,0,0,0,k__norank_Bacteria;p__Actinobacteria;c__Actinobacteria;o__Propionibacteriales;f__Propionibacteriaceae;g__Propionicimonas;s__metagenome
ASV118,0,15,72,12,0,0,0,0,0,0,0,0,k__norank_Bacteria;p__Proteobacteria;c__Gammaproteobacteria;o__Pseudomonadales;f__Moraxellaceae;g__Acinetobacter;s__metagenome
ASV117,0,74,25,0,0,0,0,0,0,0,0,0,k__norank_Bacteria;p__Proteobacteria;c__Gammaproteobacteria;o__Xanthomonadales;f__Xanthomonadaceae;g__Pseudoxanthomonas;s__norank_Pseudoxanthomonas
ASV116,0,0,0,0,0,0,0,0,0,15,85,0,k__norank_Bacteria;p__Proteobacteria;c__Alphaproteobacteria;o__Rhodobacterales;f__Rhodobacteraceae;g__Rhodobacter;s__norank_Rhodobacter
ASV115,0,0,0,0,0,0,0,0,0,10,90,0,k__norank_Bacteria;p__Bacteroidetes;c__Bacteroidia;o__Flavobacteriales;f__Weeksellaceae;g__Chryseobacterium;s__Chryseobacterium_sp._A1-ST2
ASV114,0,0,0,0,0,0,0,100,0,0,0,0,k__norank_Bacteria;p__Chloroflexi;c__Anaerolineae;o__SBR1031;f__wastewater_metagenome;g__wastewater_metagenome;s__wastewater_metagenome
ASV113,0,0,0,100,0,0,0,0,0,0,0,0,k__norank_Bacteria;p__Bacteroidetes;c__Bacteroidia;o__Flavobacteriales;f__Flavobacteriaceae;g__Flavobacterium;s__norank_Flavobacterium
ASV112,0,0,100,0,0,0,0,0,0,0,0,0,k__norank_Bacteria;p__Proteobacteria;c__Gammaproteobacteria;o__Xanthomonadales;f__Rhodanobacteraceae;g__Dokdonella;s__metagenome
ASV111,0,0,37,46,0,0,0,0,0,0,17,0,k__norank_Bacteria;p__Bacteroidetes;c__Bacteroidia;o__Chitinophagales;f__Chitinophagaceae;g__Flavihumibacter;s__Flavihumibacter_solisilvae
ASV110,0,26,0,0,0,0,694,0,9,312,396,39,k__norank_Bacteria;p__Proteobacteria;c__Gammaproteobacteria;o__Betaproteobacteriales;f__Burkholderiaceae;g__Ottowia;s__metagenome
ASV11,0,0,86,14,0,0,0,0,0,0,0,0,k__norank_Bacteria;p__Patescibacteria;c__Saccharimonadia;o__Saccharimonadales;f__norank_Saccharimonadales;g__norank_Saccharimonadales;s__norank_Saccharimonadales
ASV109,0,100,0,0,0,0,0,0,0,0,0,0,k__norank_Bacteria;p__Proteobacteria;c__Gammaproteobacteria;o__Betaproteobacteriales;f__Rhodocyclaceae;g__Dechloromonas;s__norank_Dechloromonas
ASV108,0,81,0,19,0,0,0,0,0,0,0,0,k__norank_Bacteria;p__Bacteroidetes;c__Bacteroidia;o__Bacteroidales;f__Prolixibacteraceae;g__norank_Prolixibacteraceae;s__norank_Prolixibacteraceae
ASV107,0,0,0,0,0,0,0,0,0,0,101,0,k__norank_Bacteria;p__Proteobacteria;c__Alphaproteobacteria;o__Sphingomonadales;f__Sphingomonadaceae;g__Sphingopyxis;s__unidentified
ASV106,0,0,0,0,0,0,0,0,0,0,101,0,k__norank_Bacteria;p__Bacteroidetes;c__Bacteroidia;o__Chitinophagales;f__Chitinophagaceae;g__Terrimonas;s__norank_Terrimonas
ASV105,0,0,0,0,0,0,0,0,0,0,101,0,k__norank_Bacteria;p__Patescibacteria;c__Parcubacteria;o__norank_Parcubacteria;f__norank_Parcubacteria;g__norank_Parcubacteria;s__norank_Parcubacteria
ASV104,0,0,0,0,0,71,0,0,30,0,0,0,k__norank_Bacteria;p__Patescibacteria;c__Saccharimonadia;o__Saccharimonadales;f__norank_Saccharimonadales;g__norank_Saccharimonadales;s__norank_Saccharimonadales
ASV103,0,0,0,0,0,0,0,101,0,0,0,0,k__norank_Bacteria;p__Bacteroidetes;c__Bacteroidia;o__Flavobacteriales;f__Flavobacteriaceae;g__Flavobacterium;s__norank_Flavobacterium
ASV102,0,0,0,0,0,0,101,0,0,0,0,0,k__norank_Bacteria;p__Actinobacteria;c__Actinobacteria;o__Kineosporiales;f__Kineosporiaceae;g__Quadrisphaera;s__metagenome
ASV101,0,0,0,0,0,0,1380,0,0,0,108,0,k__norank_Bacteria;p__Bacteroidetes;c__Bacteroidia;o__Bacteroidales;f__Prolixibacteraceae;g__WCHB1-32;s__norank_WCHB1-32
ASV100,0,0,36,65,0,0,0,0,0,0,0,0,k__norank_Bacteria;p__Proteobacteria;c__Gammaproteobacteria;o__Alteromonadales;f__Shewanellaceae;g__Shewanella;s__Shewanella_sp._NF20111223D
ASV10,0,81,20,0,0,0,0,0,0,0,0,0,k__norank_Bacteria;p__Deinococcus-Thermus;c__Deinococci;o__Deinococcales;f__Deinococcaceae;g__Deinococcus;s__Deinococcus_hopiensis
ASV1,0,0,0,0,0,0,0,0,0,41,61,0,k__norank_Bacteria;p__Patescibacteria;c__Saccharimonadia;o__Saccharimonadales;f__norank_Saccharimonadales;g__norank_Saccharimonadales;s__norank_Saccharimonadales
